rep,epochs,CQR_coverage,CQR_length,CQR_capped_length,CQR_median_length,CQR_inf_frac,CQR_wsc,CQR_time,CHR_coverage,CHR_length,CHR_capped_length,CHR_median_length,CHR_inf_frac,CHR_wsc,CHR_time,SCP+CC_coverage,SCP+CC_length,SCP+CC_capped_length,SCP+CC_median_length,SCP+CC_inf_frac,SCP+CC_wsc,SCP+CC_time,RLCP_coverage,RLCP_length,RLCP_capped_length,RLCP_median_length,RLCP_inf_frac,RLCP_wsc,RLCP_time,PCP_coverage,PCP_length,PCP_capped_length,PCP_median_length,PCP_inf_frac,PCP_wsc,PCP_time,MoECP_coverage,MoECP_length,MoECP_capped_length,MoECP_median_length,MoECP_inf_frac,MoECP_wsc,MoECP_time
0,2000,0.8993333333333333,1.8491645026004602,1.8491645026004602,2.0940766883009325,0.0,0.8135593220338984,0.40960192680358887,0.8853333333333333,1.6107845606545281,1.6107845606545281,1.7995548286752363,0.0,0.8235294117647058,19.419150829315186,0.9013333333333333,1.0115772522863251,1.0115772522863251,1.0035919134552618,0.0,0.8540145985401459,73.54834032058716,0.9106666666666666,1.1378581562601846,1.4540323942658842,1.1294426178083565,0.1253333333333333,0.904,1.0438220500946045,0.9113333333333333,1.0862253754531117,1.1514409646460573,1.0921853664204826,0.02533333333333332,0.9158878504672897,192.79421615600586,0.8973333333333333,1.0853156566975137,1.1122835135059197,0.8053910421639361,0.005333333333333301,0.7769784172661871,86.5441517829895
1,2000,0.904,1.8993277561568311,1.8993277561568311,2.0105635204569587,0.0,0.8263473053892215,0.4057028293609619,0.9086666666666666,1.7472031003313542,1.7472031003313542,1.8617878766865987,0.0,0.8688524590163934,20.2979097366333,0.8906666666666667,1.00252448623868,1.00252448623868,0.9991893650696484,0.0,0.8248175182481752,74.68451023101807,0.906,1.1087657042773675,1.542971252753636,1.0851481818750028,0.1253333333333333,0.8941176470588236,0.9931089878082275,0.9046666666666666,1.0887118874160346,1.1978916274634233,1.083716587967515,0.031333333333333324,0.9122807017543859,170.01473021507263,0.8973333333333333,1.0746159651544294,1.0746159651544294,0.9873382323010258,0.0,0.8235294117647058,87.5048840045929
2,2000,0.8986666666666666,1.9556707210460966,1.9556707210460966,2.01088712336683,0.0,0.8333333333333334,0.4378960132598877,0.8773333333333333,1.6320478573091266,1.6320478573091266,1.675355748771834,0.0,0.8955223880597015,19.63303804397583,0.8986666666666666,1.1763775537698775,1.1763775537698775,1.1719583949537418,0.0,0.9,75.70812010765076,0.908,1.2179260231946922,1.7082585936092285,1.2039934208370817,0.124,0.9026548672566371,1.0305259227752686,0.914,1.1932334267783846,1.3258663440821907,1.2039934208370817,0.033333333333333326,0.9202898550724637,145.46359133720398,0.8933333333333333,1.0436477759262652,1.0790980209122754,1.031385854448942,0.008666666666666711,0.8785046728971962,90.79254794120789
3,2000,0.8866666666666667,1.7955015418795737,1.7955015418795737,1.9514987407117301,0.0,0.8285714285714286,0.4115579128265381,0.888,1.6914583824525868,1.6914583824525868,1.8035995825862914,0.0,0.9090909090909091,19.436495065689087,0.8953333333333333,1.066434914222978,1.066434914222978,1.0938085843688459,0.0,0.8709677419354839,73.73175978660583,0.9053333333333333,1.1419767553038558,1.6236664344770109,1.0845218919583868,0.11933333333333329,0.8468468468468469,1.018202781677246,0.8953333333333333,1.0872067927946056,1.1363021006414582,1.0731472815877594,0.01200000000000001,0.8913043478260869,93.51787877082825,0.9106666666666666,1.2162966503752088,1.2162966503752088,1.0320624169474721,0.0,0.8571428571428571,86.92080020904541
4,2000,0.898,1.816966402536515,1.816966402536515,1.9358004177209445,0.0,0.8854961832061069,0.44275474548339844,0.8833333333333333,1.633374733605114,1.633374733605114,1.7387173573540113,0.0,0.8508771929824561,20.314868927001953,0.8953333333333333,0.9650594275701005,0.9650594275701005,0.9592576553060282,0.0,0.8859060402684564,75.91080784797668,0.9193333333333333,1.0773945629961905,1.5110093583844753,1.0596130972686666,0.11933333333333329,0.9279279279279279,1.1597306728363037,0.9013333333333333,1.0471137481372015,1.142375781279642,1.0797323332927555,0.026000000000000023,0.9032258064516129,148.04695510864258,0.8826666666666667,0.9213923962037376,0.9213923962037376,0.9097387200764571,0.0,0.7878787878787878,88.59991717338562
5,2000,0.896,1.7907499230211175,1.7907499230211175,1.846826653556665,0.0,0.8879310344827587,0.4037051200866699,0.8813333333333333,1.580288717337887,1.580288717337887,1.7213561580043133,0.0,0.8625,20.29972791671753,0.894,0.9919916173045962,0.9919916173045962,0.9936474876016523,0.0,0.8977272727272727,79.26618695259094,0.9253333333333333,1.0824857840957731,1.4411503757065705,1.023452005514411,0.122,0.863905325443787,1.0367138385772705,0.9193333333333333,1.022100647636705,1.074105134165278,1.0144404784218315,0.01733333333333331,0.8888888888888888,134.99262189865112,0.9013333333333333,1.186174761502352,1.186174761502352,1.4460225225772572,0.0,0.8671875,88.10666298866272
6,2000,0.9173333333333333,1.7986956350316372,1.7986956350316372,1.9204407364512208,0.0,0.9389312977099237,0.4280381202697754,0.9126666666666666,1.7079774816546882,1.7079774816546882,1.765250038457992,0.0,0.9056603773584906,19.644144773483276,0.8986666666666666,0.9361374510594351,0.9361374510594351,0.9375896520945832,0.0,0.907563025210084,72.49330687522888,0.9053333333333333,1.055759985218157,1.3704122495118434,1.0301218881058634,0.10599999999999998,0.8446601941747572,1.107652187347412,0.9026666666666666,1.0262470076092345,1.1081904430603635,1.046904834424701,0.02733333333333332,0.8953488372093024,165.15380120277405,0.9073333333333333,1.002782741193557,1.0048032016953465,1.0030469635188695,0.0006666666666667043,0.8943089430894309,90.9348452091217
7,2000,0.92,1.8243448289853303,1.8243448289853303,1.717879310649788,0.0,0.8604651162790697,0.38455986976623535,0.9,1.6249803780017384,1.6249803780017384,1.6147057394057276,0.0,0.9047619047619048,20.446531057357788,0.9186666666666666,1.2329874391142324,1.2329874391142324,1.2186446305795544,0.0,0.9363636363636364,75.56258630752563,0.93,1.3132396633949344,1.5810797130501941,1.3155502958855227,0.11933333333333329,0.9285714285714286,1.0356090068817139,0.918,1.2296646113776668,1.3289945203639415,1.2649271920474758,0.04266666666666663,0.9325842696629213,147.55737018585205,0.8966666666666666,1.089111319648488,1.094185778517582,0.9615635793918136,0.0013333333333332975,0.8275862068965517,88.03099179267883
8,2000,0.9173333333333333,1.9607609752062092,1.9607609752062092,2.114951016674407,0.0,0.8804347826086957,0.45836591720581055,0.9106666666666666,1.7655942518835275,1.7655942518835275,1.9089252284656983,0.0,0.9224806201550387,20.42911386489868,0.9126666666666666,1.1427856014483284,1.1427856014483284,1.125837140214131,0.0,0.9030303030303031,73.66554594039917,0.9213333333333333,1.247121168918368,1.7360001954904134,1.2070288488569845,0.10799999999999998,0.9508196721311475,1.070077896118164,0.9273333333333333,1.1984225777215642,1.366185640025092,1.1620850593730947,0.036666666666666625,0.918918918918919,147.72111701965332,0.8966666666666666,1.0032414718529092,1.0032414718529092,1.142530086969177,0.0,0.8666666666666667,89.340567111969
9,2000,0.8826666666666667,1.880873362046858,1.880873362046858,2.0624810274244743,0.0,0.7793103448275862,0.4403369426727295,0.8826666666666667,1.6424917476537007,1.6424917476537007,1.69346693652275,0.0,0.8275862068965517,20.56893277168274,0.8966666666666666,1.0260902366790694,1.0260902366790694,1.0294690667975201,0.0,0.8290598290598291,75.06063294410706,0.9213333333333333,1.155670520057805,1.6328853678009885,1.1481888550674482,0.1226666666666667,0.8953488372093024,1.1351189613342285,0.9126666666666666,1.1118251037745779,1.2377189869416891,1.14212105076806,0.03200000000000003,0.8829787234042553,157.6046371459961,0.8926666666666667,1.0536485706151923,1.0570276109175505,1.1250207874626579,0.0006666666666667043,0.8333333333333334,89.14966201782227
10,2000,0.908,1.8475085678769492,1.8475085678769492,1.9736177720606456,0.0,0.9512195121951219,0.4695160388946533,0.896,1.6224976044314656,1.6224976044314656,1.713219540972131,0.0,0.8899082568807339,10.515141010284424,0.9046666666666666,1.1419307329906574,1.1419307329906574,1.1391843831467734,0.0,0.8688524590163934,78.2315583229065,0.9333333333333333,1.282958515283275,1.6607485112428089,1.242959277723302,0.09733333333333338,0.9354838709677419,1.0899419784545898,0.9193333333333333,1.1746214501805792,1.2012197244017802,1.2063539532348975,0.00666666666666671,0.8686868686868687,104.18004298210144,0.9026666666666666,1.0741965543313448,1.0741965543313448,0.8639386651969208,0.0,0.855072463768116,85.13312268257141
11,2000,0.9006666666666666,1.9730269053578353,1.9730269053578353,2.1076067180194493,0.0,0.9098360655737705,0.3791837692260742,0.886,1.7641295065913776,1.7641295065913776,1.867125564698294,0.0,0.8632478632478633,9.482623815536499,0.9013333333333333,1.17184323327679,1.17184323327679,1.1707326370703282,0.0,0.8981481481481481,73.15899872779846,0.9253333333333333,1.2912919790193824,1.5217001268329569,1.2851702313316555,0.11199999999999999,0.9032258064516129,1.0332937240600586,0.9073333333333333,1.1498487868156078,1.187958872642098,1.206594939238962,0.01733333333333331,0.8396946564885496,116.59929251670837,0.8993333333333333,1.072206700847354,1.0777969742849784,0.9023481631091324,0.0013333333333332975,0.9026548672566371,88.18942284584045
12,2000,0.8866666666666667,1.8745565464028628,1.8745565464028628,1.8568632743142732,0.0,0.8363636363636363,0.4106779098510742,0.8833333333333333,1.6330317429402421,1.6330317429402421,1.6359587943799894,0.0,0.8255813953488372,11.914572954177856,0.8953333333333333,1.0169062704837157,1.0169062704837157,1.006637537712225,0.0,0.8992248062015504,72.9324278831482,0.9166666666666666,1.0951348502370863,1.5587441263702815,1.064014540179429,0.1293333333333333,0.8807339449541285,1.0041539669036865,0.9146666666666666,1.0589891656673003,1.2327853331740213,1.1537866262281913,0.04800000000000004,0.8898305084745762,155.7445228099823,0.9153333333333333,1.0433014536618224,1.0433014536618224,1.1881223601744164,0.0,0.9090909090909091,89.12492775917053
13,2000,0.9013333333333333,1.889432593957647,1.889432593957647,2.037594130958607,0.0,0.8795180722891566,0.4264981746673584,0.896,1.7539440423842962,1.7539440423842962,1.9353232356696386,0.0,0.8701298701298701,12.195645093917847,0.8926666666666667,1.188691142409275,1.188691142409275,1.1701431831042874,0.0,0.8761061946902655,75.0480010509491,0.9013333333333333,1.2406727569238492,1.5605011320973887,1.1916731569141543,0.1166666666666667,0.9120879120879121,1.0763630867004395,0.8893333333333333,1.205529849224259,1.351760375536683,1.0697756991800125,0.05266666666666664,0.8592592592592593,151.9728000164032,0.888,1.027608414943572,1.034697066039769,0.9410965035995096,0.0020000000000000018,0.8349514563106796,91.70340490341187
14,2000,0.9026666666666666,1.8846182150809618,1.8846182150809618,1.816432875843219,0.0,0.8739495798319328,0.3641078472137451,0.8953333333333333,1.6250585339639134,1.6250585339639134,1.5664480084790515,0.0,0.8426966292134831,11.933374166488647,0.894,1.0180800588635772,1.0180800588635772,0.9926083074241385,0.0,0.8909090909090909,71.54434084892273,0.9046666666666666,1.1267754872331275,1.629689445360304,1.1420855850339349,0.10933333333333328,0.8861788617886179,1.0728368759155273,0.9093333333333333,1.1027916259920394,1.2353407499297426,1.0635829070614025,0.028666666666666618,0.9385964912280702,139.6532428264618,0.9046666666666666,1.100279488829543,1.100279488829543,0.9766115498575489,0.0,0.860655737704918,88.96447920799255
15,2000,0.9006666666666666,1.8944623896585726,1.8944623896585726,1.9996178718502575,0.0,0.8676470588235294,0.4033238887786865,0.896,1.6836286955621587,1.6836286955621587,1.7656573048071769,0.0,0.897196261682243,12.088932991027832,0.8926666666666667,1.0921412113430806,1.0921412113430806,1.0907753107233666,0.0,0.8768115942028986,70.13909912109375,0.9133333333333333,1.2036253126338015,1.5664427525041524,1.2023809727970605,0.1286666666666667,0.8869565217391304,1.0254859924316406,0.902,1.1331167638241382,1.1909234280444274,1.2027697333887257,0.020000000000000018,0.8405797101449275,177.8687024116516,0.9126666666666666,1.0408926296321954,1.0437965401182443,0.8640022719453813,0.0006666666666667043,0.8918918918918919,89.65246200561523
16,2000,0.9206666666666666,1.8199016012146603,1.8199016012146603,1.9656786665125359,0.0,0.8952879581151832,0.4218883514404297,0.9053333333333333,1.5783817710232608,1.5783817710232608,1.7637087880736049,0.0,0.92,10.138877153396606,0.9106666666666666,1.0395864042769385,1.0395864042769385,1.0163768858212694,0.0,0.90625,72.81373190879822,0.9166666666666666,1.1489559659974165,1.5166925963665707,1.0931117170201465,0.1246666666666667,0.8951048951048951,1.0768561363220215,0.9133333333333333,0.9882669992361768,1.0608441200270249,0.9470074836167703,0.023333333333333317,0.897196261682243,172.34271335601807,0.9093333333333333,1.0494440316877471,1.0494440316877471,1.0278924658748423,0.0,0.8596491228070176,89.14022326469421
17,2000,0.914,1.7895628377866717,1.7895628377866717,2.0063811163291687,0.0,0.8450704225352113,0.43678712844848633,0.91,1.8011539720820786,1.8011539720820786,2.0454611988787317,0.0,0.9226190476190477,10.655035018920898,0.9106666666666666,1.2273054364418152,1.2273054364418152,1.231755588583141,0.0,0.8555555555555555,73.40389227867126,0.9213333333333333,1.323611435377658,1.6468105990711557,1.3113895600853231,0.09333333333333338,0.8907563025210085,1.0082061290740967,0.9253333333333333,1.2617057007068204,1.3016529117673006,1.181193726705618,0.011333333333333306,0.8942307692307693,154.30813312530518,0.9113333333333333,1.0539764391561537,1.0677543862254766,0.836137732780911,0.002666666666666706,0.8775510204081632,92.45744514465332
18,2000,0.8966666666666666,1.8175598111928057,1.8175598111928057,1.8922290323689812,0.0,0.8787878787878788,0.39066171646118164,0.8946666666666667,1.6802129875867662,1.6802129875867662,1.631212164305661,0.0,0.88,10.434582948684692,0.8866666666666667,0.9682405459707562,0.9682405459707562,0.9545232953980671,0.0,0.859504132231405,69.57964277267456,0.9006666666666666,1.0614461146251872,1.3662105055963347,1.0749151060014248,0.124,0.8910891089108911,1.0664057731628418,0.8946666666666667,1.0280504512135844,1.1177326795718965,1.0356836074837275,0.03600000000000003,0.8689655172413793,148.17281484603882,0.88,0.8560843207389759,0.8560843207389759,0.6489136194315832,0.0,0.8582089552238806,89.880695104599
19,2000,0.9033333333333333,1.7937570461910546,1.7937570461910546,1.6962090963074044,0.0,0.9259259259259259,0.401536226272583,0.8966666666666666,1.6569767659263694,1.6569767659263694,1.5499268076099795,0.0,0.8582089552238806,10.09272050857544,0.9,0.9968022601224619,0.9968022601224619,0.9741384941864579,0.0,0.8632478632478633,70.24070429801941,0.9046666666666666,1.0914765426852815,1.6589485297285707,1.0451992670908299,0.1326666666666667,0.8601398601398601,0.9900953769683838,0.896,1.0347438239327356,1.1358742182573056,1.0516062028579314,0.023333333333333317,0.896551724137931,143.45501518249512,0.9166666666666666,0.961340593514097,0.961340593514097,0.9501263678591891,0.0,0.8333333333333334,86.67296624183655
20,2000,0.9,1.9017358852528226,1.9017358852528226,1.870733662269258,0.0,0.8714285714285714,0.42363882064819336,0.91,1.7975355306322938,1.7975355306322938,1.7762332187087986,0.0,0.9259259259259259,12.145793914794922,0.9026666666666666,1.077047374750487,1.077047374750487,1.0744905451941693,0.0,0.9278350515463918,73.19474506378174,0.9026666666666666,1.1531190079166551,1.587533610386797,1.0951823261333478,0.1213333333333333,0.9285714285714286,1.0071072578430176,0.8986666666666666,1.0860784777085606,1.2611527494104733,1.1188707142245282,0.04800000000000004,0.9058823529411765,179.0636432170868,0.8953333333333333,1.0426344897446966,1.0426344897446966,1.1644252318511819,0.0,0.8818181818181818,94.28079295158386
21,2000,0.9146666666666666,1.879816168523524,1.879816168523524,1.9629340653839407,0.0,0.8571428571428571,0.378917932510376,0.9073333333333333,1.6757141053608378,1.6757141053608378,1.782958540222303,0.0,0.8774193548387097,9.296459674835205,0.9,1.0166549372585647,1.0166549372585647,1.0124119967890528,0.0,0.8950617283950617,76.3359260559082,0.9166666666666666,1.078409925572106,1.509677731609285,1.0739242669351472,0.1213333333333333,0.9320388349514563,0.9918420314788818,0.9013333333333333,1.0470270189256552,1.10200910008135,1.0750540905715198,0.01533333333333331,0.8505747126436781,148.25883030891418,0.8953333333333333,0.9670064871243731,0.9670064871243731,1.0014205455910417,0.0,0.8446601941747572,96.12335109710693
22,2000,0.9093333333333333,1.8698945754488556,1.8698945754488556,1.9902649533820815,0.0,0.8846153846153846,0.39489316940307617,0.9146666666666666,1.6926076718029186,1.6926076718029186,1.768558124797834,0.0,0.9439252336448598,9.245443344116211,0.8806666666666667,1.0619222057975073,1.0619222057975073,1.0550904362696254,0.0,0.8117647058823529,82.98269486427307,0.92,1.2230261110102587,1.541147355009193,1.282367692962579,0.124,0.9090909090909091,1.0019519329071045,0.912,1.1944535932562443,1.2774637187273237,1.2820335690196498,0.03200000000000003,0.9180327868852459,143.1638216972351,0.8933333333333333,0.9975834188417378,1.000192493284229,0.9792887100208183,0.0006666666666667043,0.8170731707317073,89.3498022556305
23,2000,0.91,1.839920265984344,1.839920265984344,1.8385065891330465,0.0,0.8947368421052632,0.38982105255126953,0.9106666666666666,1.696194552215008,1.696194552215008,1.7200573503865302,0.0,0.8529411764705882,11.964444875717163,0.902,1.1809155738718242,1.1809155738718242,1.178042398130435,0.0,0.8735632183908046,80.48000764846802,0.9193333333333333,1.324313487624041,1.6686213507384564,1.295283511200698,0.10733333333333328,0.9393939393939394,1.0462048053741455,0.9193333333333333,1.267987150787071,1.322389876967441,1.2621915105692973,0.01666666666666672,0.9140625,178.64337468147278,0.896,1.155196685401012,1.155196685401012,1.1481815292642796,0.0,0.8596491228070176,87.85106492042542
24,2000,0.92,1.899502823643857,1.899502823643857,2.0558551198014574,0.0,0.9294871794871795,0.40644288063049316,0.8973333333333333,1.596534330467729,1.596534330467729,1.7490242935358844,0.0,0.8979591836734694,12.657670974731445,0.9033333333333333,0.9923648504245313,0.9923648504245313,0.9887048188764902,0.0,0.93,79.54576969146729,0.9113333333333333,1.141264989805175,1.633026701666171,1.1047446086535686,0.1286666666666667,0.86,1.0276968479156494,0.9126666666666666,1.1080195652024032,1.1799838145036647,1.1563296990516116,0.01866666666666672,0.908256880733945,177.06725573539734,0.89,0.9771160209022922,0.9771160209022922,0.9352063346572115,0.0,0.9074074074074074,89.58548092842102
25,2000,0.8933333333333333,1.8688613513008177,1.8688613513008177,1.8827676701744394,0.0,0.9279279279279279,0.6037569046020508,0.88,1.689538775694969,1.689538775694969,1.641411508474378,0.0,0.8607594936708861,12.82819390296936,0.898,1.0657614865377845,1.0657614865377845,1.0632568223353251,0.0,0.8958333333333334,80.38526391983032,0.9006666666666666,1.1508142313781213,1.545702819760241,1.1484216714595856,0.11266666666666669,0.9120879120879121,1.101452112197876,0.91,1.095984288224049,1.2810917168290392,1.146534463299623,0.052000000000000046,0.9069767441860465,164.95482897758484,0.9,1.0747536773891133,1.0747536773891133,1.0388775546803526,0.0,0.825,86.68301463127136
26,2000,0.8826666666666667,1.987142948209642,1.987142948209642,2.0480841301424983,0.0,0.7472527472527473,0.4324498176574707,0.8946666666666667,1.7489392406607416,1.7489392406607416,1.7406492421119781,0.0,0.9495798319327731,15.21717381477356,0.8793333333333333,1.021213565986693,1.021213565986693,1.0309955026944013,0.0,0.9051724137931034,76.97808384895325,0.9193333333333333,1.1762460388494296,1.5707473737683133,1.1386197260738142,0.118,0.9587628865979382,1.0981428623199463,0.8933333333333333,1.0613650293917056,1.1628030007902108,1.122955602707524,0.029333333333333322,0.9098360655737705,157.4289357662201,0.9013333333333333,1.042940270631831,1.042940270631831,0.8699239230833634,0.0,0.8098591549295775,91.59349417686462
27,2000,0.9086666666666666,1.821884957628202,1.821884957628202,1.9188574141733996,0.0,0.8914728682170543,0.4570884704589844,0.8986666666666666,1.693866719355515,1.693866719355515,1.7912116337397563,0.0,0.8051948051948052,15.19729995727539,0.8986666666666666,1.1012841960975448,1.1012841960975448,1.088629159885056,0.0,0.9183673469387755,74.27898502349854,0.908,1.1819510192159908,1.5912577302459867,1.1874900826599757,0.11933333333333329,0.9361702127659575,1.1385929584503174,0.9033333333333333,1.125343180475882,1.1881011226782872,1.1421322539017689,0.018000000000000016,0.9195402298850575,178.83634519577026,0.9126666666666666,1.0667847346666586,1.0809223289317182,0.847258613826289,0.0033333333333332993,0.8245614035087719,89.97542381286621
28,2000,0.896,1.7644083528901249,1.7644083528901249,1.9259837130347683,0.0,0.8672566371681416,0.4911501407623291,0.9013333333333333,1.7043175178707073,1.7043175178707073,1.9127048072641712,0.0,0.8924050632911392,15.716951847076416,0.894,1.1404800090413438,1.1404800090413438,1.1390067435296949,0.0,0.8271604938271605,74.85721015930176,0.9246666666666666,1.2232485300142113,1.6671157237833156,1.194761849348947,0.134,0.9113924050632911,1.142496109008789,0.9026666666666666,1.1846379602951167,1.2963397041039382,1.1682237605822263,0.033333333333333326,0.8559322033898306,179.81027102470398,0.8953333333333333,0.9290844155566794,0.9357649396229817,0.8436150938752234,0.0020000000000000018,0.8769230769230769,86.88136529922485
29,2000,0.8993333333333333,1.7787691116605984,1.7787691116605984,1.8655440216208923,0.0,0.7603305785123967,0.5164883136749268,0.9073333333333333,1.734710258282251,1.734710258282251,1.8285249520360938,0.0,0.9078947368421053,14.116815090179443,0.9046666666666666,1.1075914816245853,1.1075914816245853,1.1050706781208564,0.0,0.921875,83.3851752281189,0.9106666666666666,1.1954574685127988,1.4781940479530384,1.1574254554139412,0.10733333333333328,0.9148936170212766,1.0919461250305176,0.9086666666666666,1.1442210670054394,1.2229936256445033,1.1579708962506121,0.029333333333333322,0.9181818181818182,164.35421323776245,0.89,0.9235964988634131,0.9255041476908445,0.8983282052630712,0.0006666666666667043,0.7954545454545454,90.37055563926697
30,2000,0.9193333333333333,1.9559488681742807,1.9559488681742807,2.075008339145135,0.0,0.9065420560747663,0.43189120292663574,0.89,1.6755987685518412,1.6755987685518412,1.7849486919748707,0.0,0.8777777777777778,11.214441299438477,0.9,1.0165949955037024,1.0165949955037024,0.9814828172435244,0.0,0.8947368421052632,78.05262780189514,0.908,1.093048072661173,1.2721976086400075,1.1003453987954726,0.10066666666666668,0.9,0.9582779407501221,0.9013333333333333,1.0335534050945379,1.0875010958049827,1.056138520546586,0.029333333333333322,0.8936170212765957,194.28443598747253,0.8906666666666667,0.9155226583325123,0.9155226583325123,0.7062281447442902,0.0,0.8543689320388349,84.83782029151917
31,2000,0.9,1.7887552398940516,1.7887552398940516,1.7843494728852272,0.0,0.9532710280373832,0.3974876403808594,0.9093333333333333,1.671459850178506,1.671459850178506,1.6729998680057214,0.0,0.9239130434782609,9.432784795761108,0.9153333333333333,1.0476323109345476,1.0476323109345476,1.0686285611056623,0.0,0.9121621621621622,71.36874270439148,0.9193333333333333,1.1228545706248,1.3967862218612752,1.0799063409320888,0.11266666666666669,0.9239130434782609,1.0236780643463135,0.9213333333333333,1.1210135186975714,1.2832259899521727,1.1091797436660418,0.06666666666666665,0.9166666666666666,169.9674108028412,0.9186666666666666,1.113755722499684,1.113755722499684,1.077663055520576,0.0,0.8934426229508197,85.04919505119324
32,2000,0.9093333333333333,1.9401171869170561,1.9401171869170561,2.0443985841916215,0.0,0.8617021276595744,0.39942073822021484,0.9093333333333333,1.7306362893801661,1.7306362893801661,1.8233378508567712,0.0,0.92,9.929975032806396,0.9093333333333333,1.0949050724534348,1.0949050724534348,1.0822139207618449,0.0,0.9142857142857143,76.76635575294495,0.916,1.1887957038991563,1.4302124045246514,1.2108555404237442,0.11133333333333328,0.8938053097345132,1.0401358604431152,0.906,1.1339831535106808,1.1769655234058523,1.176626024563252,0.019333333333333313,0.8807339449541285,211.16270899772644,0.8853333333333333,1.2580962845811716,1.2580962845811716,1.2793736168744911,0.0,0.8366013071895425,85.78105115890503
33,2000,0.9006666666666666,1.8370618681307538,1.8370618681307538,2.0241130052887373,0.0,0.956989247311828,0.38516998291015625,0.906,1.6284218163826945,1.6284218163826945,1.8324869164170294,0.0,0.9574468085106383,10.687517642974854,0.8986666666666666,1.1035085583854731,1.1035085583854731,1.0959528328447865,0.0,0.916083916083916,74.98923301696777,0.91,1.2144205362254854,1.7297880695606067,1.2107241021006585,0.10866666666666669,0.9298245614035088,1.0095722675323486,0.9093333333333333,1.1274771513562925,1.2788042858005007,1.3487381565675503,0.031333333333333324,0.8791946308724832,123.20297908782959,0.9073333333333333,1.1505406931367643,1.1505406931367643,1.0801997140929953,0.0,0.8518518518518519,85.68502831459045
34,2000,0.9066666666666666,1.8022776683851947,1.8022776683851947,1.9150173701961957,0.0,0.8646616541353384,0.4140949249267578,0.9013333333333333,1.6722668704321193,1.6722668704321193,1.7798595997659001,0.0,0.85,12.0726158618927,0.9166666666666666,1.198688420660706,1.198688420660706,1.1842821790417086,0.0,0.9197080291970803,72.41219997406006,0.9053333333333333,1.2763405688708322,1.5248999107205012,1.3849234559691113,0.11333333333333329,0.8981481481481481,1.0512607097625732,0.9106666666666666,1.2016390573718354,1.2968896887167292,1.26039738705721,0.04200000000000004,0.8717948717948718,214.74480986595154,0.8833333333333333,0.9555664805010784,0.9600976244519844,0.8523843977412902,0.0013333333333332975,0.8804347826086957,87.9712598323822
35,2000,0.9146666666666666,1.7644799727891316,1.7644799727891316,1.6043737061442611,0.0,0.86875,0.41710686683654785,0.9046666666666666,1.7052373603190087,1.7052373603190087,1.5385448531920234,0.0,0.859375,12.346485137939453,0.894,1.0268672294518548,1.0268672294518548,1.0057253812872293,0.0,0.8581560283687943,75.91353583335876,0.8946666666666667,1.0858887021739363,1.461095955779736,1.0233535371271862,0.11733333333333329,0.9207317073170732,0.9707858562469482,0.9113333333333333,1.032823158248146,1.1455194523362566,1.0278759328089349,0.03466666666666662,0.9084967320261438,194.99883604049683,0.9053333333333333,1.0000172703657542,1.006306747582362,0.8144236000818328,0.0020000000000000018,0.8521739130434782,86.65321087837219
36,2000,0.8953333333333333,1.7728230033910612,1.7728230033910612,1.8766369333593063,0.0,0.8611111111111112,0.4375472068786621,0.8866666666666667,1.6615237604381925,1.6615237604381925,1.7348074171187344,0.0,0.8529411764705882,12.102020025253296,0.9046666666666666,1.1483594915936322,1.1483594915936322,1.1459940869909022,0.0,0.8803418803418803,74.14872717857361,0.9206666666666666,1.306683679013778,1.7946923465328424,1.26131696166719,0.10866666666666669,0.9473684210526315,1.090961217880249,0.9206666666666666,1.2243644326068337,1.3371699476268268,1.236899636985986,0.024666666666666615,0.9262295081967213,184.4746470451355,0.91,1.0827075995735371,1.1054455493854238,0.950231770854427,0.0040000000000000036,0.8270676691729323,87.94032001495361
37,2000,0.9093333333333333,1.8905035984963074,1.8905035984963074,1.9418076770062618,0.0,0.7272727272727273,0.41344308853149414,0.9253333333333333,1.7094213327447094,1.7094213327447094,1.7448327928721208,0.0,0.9141104294478528,12.251025199890137,0.9266666666666666,1.016844400924116,1.016844400924116,1.01168587213615,0.0,0.8760330578512396,74.92425489425659,0.9253333333333333,1.1150079603843281,1.2909217134081774,1.1222110576614872,0.10199999999999998,0.9071428571428571,0.9647459983825684,0.9113333333333333,1.0508726999763365,1.0938034175258575,0.994296820312315,0.02400000000000002,0.9130434782608695,159.53189516067505,0.9153333333333333,1.018036437005425,1.018036437005425,0.9282529224830269,0.0,0.8709677419354839,87.10344862937927
38,2000,0.8913333333333333,1.875456838330047,1.875456838330047,2.144468252603735,0.0,0.782608695652174,0.4033823013305664,0.8833333333333333,1.5612222456579372,1.5612222456579372,1.7296906752575216,0.0,0.8392857142857143,11.999731063842773,0.9066666666666666,1.1301251293425587,1.1301251293425587,1.1178244064394596,0.0,0.8875,75.08467936515808,0.9193333333333333,1.2314335992125442,1.5521989095838138,1.204406992905243,0.11599999999999999,0.8773584905660378,1.0311501026153564,0.9253333333333333,1.1664157880052402,1.232454628100045,1.2244326838469344,0.023333333333333317,0.9122807017543859,169.18992519378662,0.9006666666666666,1.0977376458424533,1.1000920394141003,1.023991398465692,0.0006666666666667043,0.9054054054054054,86.76755499839783
39,2000,0.9106666666666666,1.7898200948784673,1.7898200948784673,1.9694278017414872,0.0,0.8828828828828829,0.37141966819763184,0.904,1.6049392897079215,1.6049392897079215,1.7827733865775994,0.0,0.918918918918919,12.196550846099854,0.902,1.114699396234057,1.114699396234057,1.0772701394084603,0.0,0.9,74.20437908172607,0.9193333333333333,1.2268428049369673,1.6476284256667364,1.1672582058396928,0.12,0.9135802469135802,1.0810472965240479,0.9106666666666666,1.1481456607859748,1.236581679047263,1.0436712936617312,0.024666666666666615,0.9112903225806451,168.48666906356812,0.8953333333333333,1.0513261228137267,1.0513261228137267,1.1139072803059773,0.0,0.8333333333333334,85.79186224937439
40,2000,0.918,1.866024285374382,1.866024285374382,1.9302796354605518,0.0,0.8979591836734694,0.4846792221069336,0.9066666666666666,1.7155977545057501,1.7155977545057501,1.6929915203834813,0.0,0.8888888888888888,14.94154405593872,0.8886666666666667,1.0323939375416964,1.0323939375416964,1.0347442142582657,0.0,0.8631578947368421,76.17031908035278,0.9106666666666666,1.162477590556177,1.5082481083539436,1.2122539398430137,0.12,0.8859060402684564,1.1375291347503662,0.9093333333333333,1.0957377136191284,1.1881134205214618,1.1247365730284207,0.031333333333333324,0.9174311926605505,168.88864707946777,0.904,1.0041155065153666,1.0262202030348917,0.9748707218592537,0.0040000000000000036,0.8765432098765432,92.20228004455566
41,2000,0.908,1.86888295220968,1.86888295220968,1.8366598199489585,0.0,0.9103448275862069,0.42212390899658203,0.9006666666666666,1.7018131932124816,1.7018131932124816,1.7195607585725639,0.0,0.8952380952380953,14.531873941421509,0.8986666666666666,1.0821489389702925,1.0821489389702925,1.0740661143262464,0.0,0.904,74.17132592201233,0.9133333333333333,1.2083439067313813,1.5190279949000693,1.1959461514343337,0.09866666666666668,0.9326923076923077,1.128817081451416,0.914,1.1969798678503232,1.3676300877178986,1.2634729004247705,0.05400000000000005,0.89,168.39447712898254,0.9053333333333333,1.2161836007354756,1.222804710891076,1.184959940511315,0.0013333333333332975,0.948051948051948,92.0136890411377
42,2000,0.9006666666666666,1.8710734298288028,1.8710734298288028,1.7311645864778917,0.0,0.8850574712643678,0.430692195892334,0.8953333333333333,1.649321284684315,1.649321284684315,1.5802808437742104,0.0,0.8972602739726028,10.74300241470337,0.8906666666666667,1.1853747175982412,1.1853747175982412,1.181798110532307,0.0,0.9101123595505618,77.69851207733154,0.914,1.2765974872729835,1.6575058023849247,1.2847386278551833,0.11333333333333329,0.918918918918919,0.9962201118469238,0.9213333333333333,1.2263914000046383,1.3742084117212248,1.2121286544886218,0.043333333333333335,0.9734513274336283,143.97207522392273,0.888,1.1811889133446547,1.1811889133446547,1.131998789657223,0.0,0.7757009345794392,100.9062352180481
43,2000,0.9086666666666666,1.8385559774229412,1.8385559774229412,1.9708773993386206,0.0,0.8695652173913043,0.4237658977508545,0.918,1.749502962525119,1.749502962525119,1.8201396868528574,0.0,0.9191919191919192,9.709277868270874,0.902,1.1510102210200326,1.1510102210200326,1.1420502564554376,0.0,0.9166666666666666,73.3376669883728,0.9193333333333333,1.253682105875502,1.7106529159185933,1.2249448655992423,0.11199999999999999,0.8987341772151899,1.0482709407806396,0.9153333333333333,1.1930629726154611,1.2841587169485036,1.1861816443964508,0.02200000000000002,0.9241379310344827,156.59358596801758,0.894,1.0788248385127304,1.0811082204282019,0.9612976474960913,0.0006666666666667043,0.8914728682170543,96.07607293128967
44,2000,0.888,1.8727755775432537,1.8727755775432537,1.9738000347881695,0.0,0.7711864406779662,0.39586305618286133,0.8926666666666667,1.7914645881164852,1.7914645881164852,1.9608062064813998,0.0,0.8759124087591241,11.740570783615112,0.88,1.1985299688590885,1.1985299688590885,1.17696698159925,0.0,0.8876404494382022,76.10050964355469,0.8933333333333333,1.2959908873218786,1.626764324297305,1.2808526993208527,0.10333333333333339,0.8863636363636364,1.0325160026550293,0.902,1.2540077098330424,1.4139965208010827,1.200252312011144,0.04933333333333334,0.8476190476190476,157.53948307037354,0.8953333333333333,1.0939327393973992,1.0939327393973992,0.9975739748615515,0.0,0.7766990291262136,92.917733669281
45,2000,0.908,1.8733761870813335,1.8733761870813335,2.030713762698616,0.0,0.8846153846153846,0.4278860092163086,0.894,1.686533943044394,1.686533943044394,1.8020969879884128,0.0,0.8759124087591241,12.958242177963257,0.8866666666666667,1.1099971556611943,1.1099971556611943,1.1093283836198067,0.0,0.8726114649681529,75.66851997375488,0.9166666666666666,1.2090635299506514,1.605490529604662,1.2195554925693202,0.1166666666666667,0.9390243902439024,1.0221121311187744,0.906,1.1443967202865302,1.2690507710419618,1.065124304398514,0.03600000000000003,0.8934426229508197,145.78791308403015,0.9166666666666666,1.1511015103118665,1.1511015103118665,0.9663389757716847,0.0,0.8540145985401459,93.016437292099
46,2000,0.902,1.779826483314823,1.779826483314823,1.6735965674422335,0.0,0.9222222222222223,0.4205892086029053,0.8833333333333333,1.7181168278318455,1.7181168278318455,1.6366078077069215,0.0,0.8636363636363636,12.813139915466309,0.8866666666666667,1.0478734474615612,1.0478734474615612,1.0416555165048167,0.0,0.9171270718232044,73.13239693641663,0.9166666666666666,1.1849971516965065,1.5002782908983032,1.201900236171864,0.118,0.9057971014492754,0.9856829643249512,0.912,1.113764390870729,1.2271461395075243,1.0914580333529322,0.04133333333333333,0.9306930693069307,141.13480877876282,0.9066666666666666,1.0171564558475015,1.0195750462845143,0.8476669426342176,0.0006666666666667043,0.9363636363636364,88.25721096992493
47,2000,0.9106666666666666,1.8521328624319948,1.8521328624319948,1.8919464330623201,0.0,0.8809523809523809,0.4142329692840576,0.914,1.7464547524752245,1.7464547524752245,1.7839233587702314,0.0,0.9402985074626866,12.712823629379272,0.92,1.1084245422407235,1.1084245422407235,1.1122275510974045,0.0,0.9181818181818182,73.56665873527527,0.9386666666666666,1.2376047291465013,1.523631158825245,1.244552112523727,0.11266666666666669,0.8920863309352518,1.1029727458953857,0.926,1.1689331827225242,1.2262952714148492,1.2616745306159027,0.02200000000000002,0.9295774647887324,99.89873266220093,0.9033333333333333,0.9098184811399742,0.9164051395221976,0.781167582103401,0.0020000000000000018,0.8015873015873016,90.67843699455261
48,2000,0.902,1.8536590846180692,1.8536590846180692,1.7336802466507182,0.0,0.8461538461538461,0.42110276222229004,0.8913333333333333,1.7207844961139993,1.7207844961139993,1.617629813813691,0.0,0.9047619047619048,11.788383960723877,0.9033333333333333,1.0675150086112377,1.0675150086112377,1.0543242637763508,0.0,0.9262295081967213,77.85899019241333,0.9233333333333333,1.1572612834450813,1.444339881872655,1.1182645835853222,0.10999999999999999,0.9325153374233128,1.0510342121124268,0.924,1.1152493474378895,1.1682856949630467,1.0805971823080094,0.020000000000000018,0.8909090909090909,154.8869912624359,0.8946666666666667,1.0206353812565807,1.0337426385360866,0.7507391394841232,0.0033333333333332993,0.7652173913043478,90.9411985874176
49,2000,0.9053333333333333,1.9347886782284314,1.9347886782284314,1.9906048910106282,0.0,0.940677966101695,0.41075611114501953,0.9146666666666666,1.7392112657234617,1.7392112657234617,1.8766115143644329,0.0,0.9416058394160584,10.419702053070068,0.8926666666666667,1.0544447681621818,1.0544447681621818,1.0496029337410122,0.0,0.859375,76.15700197219849,0.9026666666666666,1.1460688389739604,1.52156303624771,1.079996716746114,0.138,0.8928571428571429,0.9812078475952148,0.9106666666666666,1.0867325530551146,1.171995354106348,1.0783019839549026,0.03066666666666662,0.9101123595505618,138.99838399887085,0.9033333333333333,1.1081706009910919,1.1081706009910919,1.188741363251605,0.0,0.7978723404255319,91.7769021987915
