experiment,method,reps,coverage,length,median_length,wsc,inf_frac,time
bike,CQR,50,0.904 ± 0.010,1.856 ± 0.058,1.930 ± 0.121,0.870 ± 0.053,0.000 ± 0.000,0.423 ± 0.040
bike,CHR,50,0.899 ± 0.011,1.686 ± 0.059,1.754 ± 0.107,0.887 ± 0.036,0.000 ± 0.000,13.498 ± 3.649
bike,SCP+CC,50,0.900 ± 0.010,1.082 ± 0.074,1.075 ± 0.074,0.889 ± 0.029,0.000 ± 0.000,75.217 ± 2.959
bike,RLCP,50,0.914 ± 0.010,1.185 ± 0.075,1.169 ± 0.087,0.906 ± 0.026,0.116 ± 0.010,1.049 ± 0.051
bike,PCP,50,0.910 ± 0.009,1.128 ± 0.071,1.139 ± 0.086,0.900 ± 0.027,0.030 ± 0.012,158.098 ± 25.011
bike,MoECP,50,0.900 ± 0.010,1.051 ± 0.085,0.980 ± 0.151,0.851 ± 0.042,0.001 ± 0.002,89.438 ± 3.168
synthetic_setting1,CQR,50,0.898 ± 0.020,13.685 ± 0.804,8.736 ± 2.023,,0.000 ± 0.000,0.181 ± 0.040
synthetic_setting1,CHR,50,0.896 ± 0.018,13.076 ± 0.837,8.347 ± 1.738,,0.000 ± 0.000,4.820 ± 1.039
synthetic_setting1,SCP+CC,50,0.898 ± 0.015,21.537 ± 1.874,21.365 ± 1.903,,0.000 ± 0.000,4.620 ± 0.403
synthetic_setting1,RLCP,50,0.906 ± 0.018,16.418 ± 0.874,9.787 ± 1.290,,0.000 ± 0.000,0.200 ± 0.031
synthetic_setting1,PCP,50,0.907 ± 0.051,15.755 ± 2.710,9.477 ± 3.161,,0.027 ± 0.016,30.838 ± 5.889
synthetic_setting1,MoECP,50,0.908 ± 0.018,11.782 ± 0.605,6.525 ± 0.820,,0.003 ± 0.004,11.812 ± 1.319
synthetic_setting2,CQR,50,0.899 ± 0.017,12.914 ± 0.922,8.311 ± 1.704,,0.000 ± 0.000,0.165 ± 0.025
synthetic_setting2,CHR,50,0.898 ± 0.018,12.299 ± 1.027,7.971 ± 1.597,,0.000 ± 0.000,4.128 ± 0.953
synthetic_setting2,SCP+CC,50,0.894 ± 0.016,19.586 ± 1.717,19.447 ± 1.732,,0.000 ± 0.000,4.225 ± 0.317
synthetic_setting2,RLCP,50,0.907 ± 0.013,15.876 ± 0.864,9.478 ± 1.090,,0.000 ± 0.000,0.187 ± 0.021
synthetic_setting2,PCP,50,0.916 ± 0.031,15.738 ± 1.949,9.936 ± 4.269,,0.034 ± 0.034,27.944 ± 3.723
synthetic_setting2,MoECP,50,0.907 ± 0.015,11.963 ± 0.763,6.765 ± 1.031,,0.002 ± 0.005,11.235 ± 1.194
temperature,CQR,50,0.902 ± 0.011,1.499 ± 0.052,1.453 ± 0.058,0.890 ± 0.031,0.000 ± 0.000,0.686 ± 0.054
temperature,CHR,50,0.900 ± 0.011,1.479 ± 0.048,1.440 ± 0.049,0.887 ± 0.035,0.000 ± 0.000,12.275 ± 3.311
temperature,SCP+CC,50,0.899 ± 0.010,1.201 ± 0.048,1.185 ± 0.049,0.890 ± 0.023,0.000 ± 0.000,108.987 ± 4.669
temperature,RLCP,50,0.925 ± 0.009,1.240 ± 0.043,1.320 ± 0.057,0.919 ± 0.025,0.274 ± 0.017,1.642 ± 0.072
temperature,PCP,50,0.912 ± 0.011,1.237 ± 0.051,1.203 ± 0.057,0.899 ± 0.032,0.051 ± 0.018,152.246 ± 27.224
temperature,MoECP,50,0.902 ± 0.010,1.072 ± 0.043,1.042 ± 0.042,0.882 ± 0.036,0.002 ± 0.002,89.651 ± 3.129
