rep,epochs,CQR_coverage,CQR_length,CQR_capped_length,CQR_median_length,CQR_inf_frac,CQR_time,CHR_coverage,CHR_length,CHR_capped_length,CHR_median_length,CHR_inf_frac,CHR_time,SCP+CC_coverage,SCP+CC_length,SCP+CC_capped_length,SCP+CC_median_length,SCP+CC_inf_frac,SCP+CC_time,RLCP_coverage,RLCP_length,RLCP_capped_length,RLCP_median_length,RLCP_inf_frac,RLCP_time,PCP_coverage,PCP_length,PCP_capped_length,PCP_median_length,PCP_inf_frac,PCP_time,MoECP_coverage,MoECP_length,MoECP_capped_length,MoECP_median_length,MoECP_inf_frac,MoECP_time
0,600,0.9,13.27718331197148,13.27718331197148,8.433680152004271,0.0,0.21527457237243652,0.926,13.393332420724729,13.393332420724729,8.256595515835006,0.0,5.870813846588135,0.902,20.321923270085936,20.321923270085936,19.968036769367654,0.0,4.3752429485321045,0.902,16.178380567557937,16.178380567557937,8.042337328995922,0.0,0.2090442180633545,0.936,16.645204251338168,18.25727697019044,7.306858874545856,0.03200000000000003,31.08108377456665,0.906,13.659794425114919,13.659794425114919,8.824098616687913,0.0,13.075026035308838
1,600,0.928,12.933325445803591,12.933325445803591,8.59265958978244,0.0,0.14257431030273438,0.934,12.198168663709446,12.198168663709446,8.49042953277981,0.0,6.115974187850952,0.902,19.342678247318332,19.342678247318332,19.28551183064079,0.0,4.29407811164856,0.902,15.437522214537715,15.437522214537715,8.055975416985032,0.0,0.19886493682861328,0.938,16.35076189998,17.641675402148778,7.946476943568635,0.030000000000000027,31.686246871948242,0.926,11.804780923119587,11.865696022899199,7.213609725104009,0.0020000000000000018,12.910286664962769
2,600,0.902,12.540797442836032,12.540797442836032,8.14184376520663,0.0,0.18321871757507324,0.878,11.782432618930773,11.782432618930773,7.387927207557491,0.0,5.91511869430542,0.9,20.587455271310358,20.587455271310358,20.527835074808145,0.0,4.390169620513916,0.918,15.325716250048846,15.325716250048846,9.780434715874584,0.0,0.20782208442687988,0.948,15.633157518003916,16.760363280382965,9.764005204459991,0.02400000000000002,29.368263006210327,0.926,11.13661933312002,11.2078804283333,6.657981310487563,0.0020000000000000018,12.529220819473267
3,600,0.922,14.114396793026259,14.114396793026259,8.897297072079315,0.0,0.22938799858093262,0.932,14.65493256708327,14.65493256708327,8.797788691414883,0.0,5.494554042816162,0.908,22.134993229464772,22.134993229464772,22.206608831234107,0.0,4.2120361328125,0.916,16.719350224374224,16.719350224374224,10.829239070061742,0.0,0.21189093589782715,0.864,13.145867163806743,14.162934862068138,9.37983332692238,0.020000000000000018,35.602495431900024,0.89,12.271253452291667,12.326292982639526,7.014951078578161,0.0020000000000000018,13.847361087799072
4,600,0.916,11.726365034554757,11.726365034554757,7.166529849529848,0.0,0.16489195823669434,0.902,10.44000148676437,10.44000148676437,5.887459462929524,0.0,5.911149740219116,0.894,17.512642630093254,17.512642630093254,17.47941103005759,0.0,4.312978267669678,0.898,14.463177113021127,14.463177113021127,7.918995005303998,0.0,0.24872732162475586,0.886,13.431328555531662,13.431328555531662,7.693582587668696,0.0,30.743499517440796,0.912,11.484631041717824,11.484631041717824,7.3249268558116505,0.0,12.575329065322876
5,600,0.878,13.897590980469262,13.897590980469262,12.540962996412574,0.0,0.17166805267333984,0.89,13.695766594575547,13.695766594575547,13.055378811377103,0.0,6.066251993179321,0.9,21.859796019374947,21.859796019374947,21.955116319190612,0.0,4.455780029296875,0.908,16.259981251566337,16.259981251566337,10.095611871118482,0.0,0.19414997100830078,0.94,18.535052440266792,18.535052440266792,11.612802375535049,0.0,25.90453577041626,0.906,12.02405288369444,12.084216120337743,7.164313283200345,0.0020000000000000018,12.62120771408081
6,600,0.938,13.777691437325744,13.777691437325744,8.833547668899737,0.0,0.16707992553710938,0.922,13.05395409587538,13.05395409587538,8.316692432792214,0.0,5.935804843902588,0.902,20.039318179703944,20.039318179703944,20.06109004590857,0.0,4.403112888336182,0.918,16.633630024285345,16.633630024285345,8.90583807960188,0.0,0.20025205612182617,0.88,13.15057803503741,14.324624226162227,6.65003227073214,0.02400000000000002,32.33796501159668,0.934,12.278864095088446,12.278864095088446,5.797444696710281,0.0,12.624451875686646
7,600,0.926,13.644336717459147,13.644336717459147,10.887291686246808,0.0,0.15326738357543945,0.928,12.865142653009581,12.865142653009581,11.216565392404156,0.0,5.980710029602051,0.898,21.6683482878939,21.6683482878939,21.381483699796348,0.0,4.467990875244141,0.914,17.081172272061416,17.081172272061416,9.300720361825345,0.0,0.19306588172912598,0.966,20.846953685817308,28.20470075329114,31.261775103228253,0.19399999999999995,38.62684988975525,0.938,11.800563907480699,11.800563907480699,6.545800681083037,0.0,12.7034592628479
8,600,0.902,12.521040132265924,12.521040132265924,11.685375236398936,0.0,0.17774128913879395,0.916,11.933092827457262,11.933092827457262,10.062082856732399,0.0,5.92180323600769,0.87,18.995903372454954,18.995903372454954,18.811390784809582,0.0,4.329123020172119,0.89,16.319878060237766,16.319878060237766,9.330781482525534,0.0,0.18866896629333496,0.916,15.54205170950354,16.971187875756325,8.597950794355025,0.03400000000000003,32.52009201049805,0.928,13.016986790922857,13.078956280876124,7.068768228369558,0.0020000000000000018,13.077826023101807
9,600,0.942,15.310579584067753,15.310579584067753,8.529232069645706,0.0,0.17060422897338867,0.936,13.892371016828449,13.892371016828449,7.434858479376906,0.0,5.9270100593566895,0.878,18.68437410322237,18.68437410322237,18.247427939694475,0.0,4.35303807258606,0.926,17.00380050895893,17.00380050895893,10.521117700139646,0.0,0.17156410217285156,0.968,19.917600781026824,20.077222522685325,15.223274817866898,0.0040000000000000036,20.226813077926636,0.942,12.757300611747162,12.828329181794723,7.873734839214679,0.0020000000000000018,12.873384237289429
10,600,0.914,13.502710747541188,13.502710747541188,7.1490978951764435,0.0,0.18378806114196777,0.916,12.348395093710048,12.348395093710048,7.24358611992778,0.0,3.7726709842681885,0.918,18.766283825953128,18.766283825953128,18.702500157410984,0.0,4.56240177154541,0.916,15.865538785084864,15.865538785084864,9.76137822266184,0.0,0.19664263725280762,0.956,17.11417542149072,18.620727032231112,12.231562655803376,0.03200000000000003,29.31882619857788,0.936,12.406529926193148,12.406529926193148,7.077728532250774,0.0,12.848926782608032
11,600,0.872,11.714836135135586,11.714836135135586,6.371339075414963,0.0,0.18354415893554688,0.882,11.056252000877155,11.056252000877155,5.938766993152608,0.0,3.519318103790283,0.876,17.204528005680633,17.204528005680633,17.197643581349247,0.0,4.868448972702026,0.906,15.356600290651082,15.356600290651082,9.305242554921463,0.0,0.19323229789733887,0.942,15.091862542756044,17.11024518070586,7.835220420066008,0.03600000000000003,27.71706795692444,0.906,11.398391339396841,11.458690462550669,5.948576408199323,0.0020000000000000018,12.47123122215271
12,600,0.9,11.812940609173154,11.812940609173154,7.2520800424723895,0.0,0.1789093017578125,0.896,10.91703159510361,10.91703159510361,7.185438589858311,0.0,3.998065948486328,0.874,19.43521170269025,19.43521170269025,19.0668124901985,0.0,5.029918670654297,0.886,15.522180001866989,15.522180001866989,9.484862325503764,0.0,0.23425579071044922,0.892,16.074648310986742,16.396186198017364,7.066691070566071,0.008000000000000007,29.311129808425903,0.914,11.726749280693744,11.726749280693744,5.189584878424222,0.0,12.151469707489014
13,600,0.908,12.627935837702319,12.627935837702319,5.307648262838485,0.0,0.16579103469848633,0.916,11.415206532828094,11.415206532828094,5.62898931338955,0.0,4.306548118591309,0.942,21.054943538691816,21.054943538691816,20.77002290209477,0.0,4.8737218379974365,0.91,14.111889652165718,14.111889652165718,7.769698019891823,0.0,0.18051767349243164,0.93,14.023352393918978,14.623524350542043,6.319951737892765,0.020000000000000018,27.99381399154663,0.896,10.080717614331032,10.080717614331032,4.867575635250983,0.0,11.804776191711426
14,600,0.902,12.600725926392483,12.600725926392483,7.954867751750313,0.0,0.176849365234375,0.902,11.906824999437577,11.906824999437577,7.450768636751224,0.0,4.2959065437316895,0.894,18.635569161472624,18.635569161472624,18.48201208656445,0.0,4.711652040481567,0.894,16.000234345195135,16.000234345195135,10.332731509976504,0.0,0.1919088363647461,0.904,14.021039327753758,15.467152597642853,7.528619116193209,0.02400000000000002,32.28233075141907,0.918,12.188585504536743,12.188585504536743,6.653648197317745,0.0,11.716984748840332
15,600,0.86,14.456129607736809,14.456129607736809,10.250064054720234,0.0,0.19573020935058594,0.872,13.694045569391866,13.694045569391866,8.869450257554362,0.0,4.3875651359558105,0.88,18.701383393634934,18.701383393634934,18.369172008138822,0.0,4.569087982177734,0.888,17.07064800440333,17.07064800440333,11.887372013570026,0.0,0.193861722946167,0.928,17.543630824386995,20.80703309543503,17.521900178711114,0.08799999999999997,24.345841884613037,0.874,12.241113175946893,12.361494333324513,8.565316352749175,0.0040000000000000036,12.159262895584106
16,600,0.894,12.0948885687534,12.0948885687534,8.227242198532991,0.0,0.16537117958068848,0.894,11.922325224831853,11.922325224831853,7.3996401075633464,0.0,4.3161780834198,0.888,21.53945908219223,21.53945908219223,21.295707987628244,0.0,4.724596738815308,0.922,15.3254266217207,15.3254266217207,7.331609865929184,0.0,0.2060682773590088,0.912,14.038252413529145,15.490503990847145,6.328333917361311,0.030000000000000027,28.08404302597046,0.91,12.7896442474838,12.91543736958401,6.39752973357438,0.0040000000000000036,12.189042806625366
17,600,0.906,13.097096693836477,13.097096693836477,8.528096340570293,0.0,0.18736696243286133,0.874,11.943122483806956,11.943122483806956,7.193663749188936,0.0,4.152846813201904,0.916,21.638558971131832,21.638558971131832,21.39057563330727,0.0,4.643089056015015,0.914,16.552347678508987,16.552347678508987,8.973020481481985,0.0,0.23126006126403809,0.904,14.775787391104794,16.78155369262101,7.000635965020001,0.04200000000000004,27.850988149642944,0.904,11.91462639107052,12.031485375789599,5.757186584199282,0.0040000000000000036,12.135236024856567
18,600,0.888,12.24662846083552,12.24662846083552,8.240649875480393,0.0,0.15852689743041992,0.884,12.001594940828056,12.001594940828056,7.501390818627762,0.0,3.8856520652770996,0.876,19.67936178936936,19.67936178936936,19.506678484897243,0.0,4.521144151687622,0.894,16.40079713790136,16.40079713790136,9.402600568573384,0.0,0.23537206649780273,0.886,14.301772472165707,15.402159455387784,6.97791914481355,0.026000000000000023,29.789096117019653,0.906,11.458368509398092,11.458368509398092,5.328326477881383,0.0,12.629960298538208
19,600,0.906,13.57389668884,13.57389668884,7.224646562377133,0.0,0.20964980125427246,0.904,12.055983617096187,12.055983617096187,6.999958526945527,0.0,3.7177987098693848,0.908,20.27881453333818,20.27881453333818,20.296669370336083,0.0,4.6554319858551025,0.91,15.309108519888577,15.309108519888577,9.813878452693924,0.0,0.1890401840209961,0.912,15.575292338478937,16.71455374374034,8.830101703424148,0.026000000000000023,28.458869218826294,0.886,11.499587627301274,11.546800481927487,6.369860166166118,0.0020000000000000018,12.177419900894165
20,600,0.898,12.045770662314151,12.045770662314151,7.372449631247072,0.0,0.15468907356262207,0.854,10.072067523689414,10.072067523689414,6.917376531154073,0.0,3.172900915145874,0.89,16.7313672106413,16.7313672106413,16.742630459410446,0.0,4.03656005859375,0.902,14.657360938827802,14.657360938827802,8.034140037507665,0.0,0.18602204322814941,0.876,13.741155538492091,13.980290341330994,5.767538430804721,0.006000000000000005,22.78039789199829,0.904,10.457377100067783,10.636869214949305,5.478200053271955,0.008000000000000007,10.017148971557617
21,600,0.904,12.365772808635564,12.365772808635564,6.839292002391751,0.0,0.14333200454711914,0.896,12.155812566578101,12.155812566578101,6.700833279877269,0.0,3.1397790908813477,0.882,18.728906572633132,18.728906572633132,17.921502835895154,0.0,4.118239641189575,0.916,15.554914937716724,15.554914937716724,9.134485303138337,0.0,0.17736291885375977,0.936,15.656729503165078,15.838112569592042,8.736188931670752,0.0040000000000000036,26.572535753250122,0.908,11.705308757015997,11.705308757015997,6.520386493306491,0.0,9.883661985397339
22,600,0.882,12.148300682510701,12.148300682510701,6.368284889510685,0.0,0.16841459274291992,0.88,10.881566461680814,10.881566461680814,6.3946094089179315,0.0,3.317253828048706,0.878,19.831747322328148,19.831747322328148,19.523882538994563,0.0,4.02720832824707,0.896,15.30621515006927,15.30621515006927,9.656566025489436,0.0,0.18241143226623535,0.942,16.334688883049992,17.67012954346485,10.035542732267821,0.03400000000000003,27.895132303237915,0.918,12.577914003493191,12.577914003493191,6.729259934971173,0.0,9.903310060501099
23,600,0.888,11.459014418062752,11.459014418062752,9.31146706218727,0.0,0.1619260311126709,0.9,11.627643942450986,11.627643942450986,9.620223890610301,0.0,3.437824010848999,0.89,18.209104612263275,18.209104612263275,18.031485362313717,0.0,3.966581106185913,0.902,14.798326877695592,14.798326877695592,9.032924896183093,0.0,0.17525815963745117,0.914,14.894874018320728,16.91318149478183,7.6850688203446005,0.04400000000000004,25.91723346710205,0.9,11.062623935818658,11.127066469798145,6.518417048681172,0.0020000000000000018,9.895632982254028
24,600,0.918,14.012105720590501,14.012105720590501,9.577593562558723,0.0,0.15025615692138672,0.916,13.896096276686691,13.896096276686691,10.683498044391701,0.0,3.5033321380615234,0.92,23.1930081082184,23.1930081082184,23.329617396678678,0.0,4.143008232116699,0.928,17.40541431881897,17.40541431881897,9.359502751174823,0.0,0.18273329734802246,0.942,16.54230479806051,17.680795020744725,8.494492622493812,0.028000000000000025,26.585543394088745,0.914,12.983436847867173,13.110201710903963,6.06437167452734,0.0040000000000000036,9.898316144943237
25,600,0.9,13.849942120487727,13.849942120487727,8.371625858482481,0.0,0.15333294868469238,0.898,13.390153152949068,13.390153152949068,8.224985772079634,0.0,3.606254816055298,0.874,19.18517339198741,19.18517339198741,19.12316715924462,0.0,3.9861867427825928,0.904,16.237669374224744,16.237669374224744,9.578889462959,0.0,0.17717885971069336,0.84,12.961192465858813,13.552217024953592,6.922454920094471,0.01200000000000001,27.699731826782227,0.912,12.042263397067403,12.103814762500743,6.152829698194015,0.0020000000000000018,10.308711290359497
26,600,0.906,12.603941166666104,12.603941166666104,11.018186681262039,0.0,0.1527259349822998,0.892,12.31220506432751,12.31220506432751,10.005625263107703,0.0,3.5009868144989014,0.886,16.52136669737805,16.52136669737805,16.542430668982284,0.0,3.8070554733276367,0.926,13.95491148576509,13.95491148576509,8.87321403929915,0.0,0.199568510055542,0.912,13.63406758226931,15.398232668989367,8.171508115066711,0.04200000000000004,29.90079140663147,0.922,11.598271532032063,11.598271532032063,6.615029651642274,0.0,10.921855211257935
27,600,0.898,13.900682381598715,13.900682381598715,6.8914475364605385,0.0,0.15029025077819824,0.908,13.831069870782104,13.831069870782104,6.825201387613813,0.0,3.2324228286743164,0.896,20.789719854321408,20.789719854321408,20.55540113608364,0.0,4.015807628631592,0.892,16.159753199847785,16.159753199847785,10.977922382205294,0.0,0.19900083541870117,0.93,17.172460730330176,18.942172918897473,10.859720725453798,0.05600000000000005,28.08815908432007,0.904,11.550778819421005,11.550778819421005,6.5079727386220245,0.0,10.239333868026733
28,600,0.892,13.207543706695366,13.207543706695366,12.433005463293567,0.0,0.1346440315246582,0.908,12.455363497677993,12.455363497677993,9.059010897691905,0.0,3.4939091205596924,0.866,17.42995414131799,17.42995414131799,17.24886039502524,0.0,3.792078733444214,0.912,16.799701437857333,16.799701437857333,10.064688142890969,0.0,0.16121816635131836,0.952,18.51407028188588,21.58348804772813,17.907407282607622,0.07199999999999995,24.22476291656494,0.888,11.857619879186894,11.857619879186894,6.4615706468694984,0.0,11.035997867584229
29,600,0.898,13.418602833312073,13.418602833312073,11.202527718811139,0.0,0.14492511749267578,0.908,13.047484030984053,13.047484030984053,10.636640053069678,0.0,3.3710498809814453,0.886,20.55707444941488,20.55707444941488,20.530509480807616,0.0,3.760573625564575,0.918,15.776347229935508,15.776347229935508,9.88795402991574,0.0,0.15238189697265625,0.934,15.620493559857128,18.44946021202954,10.815608447156672,0.08199999999999996,29.57199192047119,0.906,11.776906098908828,11.776906098908828,7.4112780490889065,0.0,10.459707021713257
30,600,0.922,13.455070374025974,13.455070374025974,10.21872054443425,0.0,0.14599370956420898,0.876,11.33632322143285,11.33632322143285,7.983412046187485,0.0,3.7682199478149414,0.9,20.305272459739875,20.305272459739875,20.071985062861366,0.0,4.339437246322632,0.916,16.185739622919197,16.185739622919197,12.105955059135276,0.0,0.1688981056213379,0.936,16.602267010270644,18.234612411827325,13.797242439280883,0.050000000000000044,24.652799367904663,0.89,11.456019389590685,11.456019389590685,6.268718611761414,0.0,10.566769123077393
31,600,0.92,13.885458231087217,13.885458231087217,8.99675371302877,0.0,0.24495792388916016,0.912,13.272331567514208,13.272331567514208,8.632214922756315,0.0,3.7355425357818604,0.894,20.501858830024386,20.501858830024386,20.178475777349902,0.0,4.14548921585083,0.886,15.641946367635992,15.641946367635992,11.28539621490668,0.0,0.1871800422668457,0.934,16.04358813283274,19.524209655452797,12.575857385079814,0.06799999999999995,27.959662914276123,0.908,12.830731280295684,12.830731280295684,8.08218215887088,0.0,11.052824974060059
32,600,0.916,13.077100528781484,13.077100528781484,7.965437858926691,0.0,0.14632010459899902,0.912,12.422230079716098,12.422230079716098,8.013841643002497,0.0,3.662868022918701,0.904,18.440959059525913,18.440959059525913,18.320776464677813,0.0,4.117797613143921,0.92,15.870756579658686,15.870756579658686,9.8306783636478,0.0,0.18848872184753418,0.934,17.36561617995872,17.440946329565076,14.007530185473485,0.0020000000000000018,37.28814172744751,0.896,11.649478131358485,11.714281338833405,7.1046314310434715,0.0020000000000000018,10.794578075408936
33,600,0.874,13.361056097932574,13.361056097932574,6.721267828616413,0.0,0.15883421897888184,0.89,12.94657557621898,12.94657557621898,7.380102211543068,0.0,3.721872091293335,0.898,22.099251214183035,22.099251214183035,21.73094010559341,0.0,3.9527711868286133,0.908,17.61568614815445,17.61568614815445,10.796862181004366,0.0,0.1999828815460205,0.932,19.888252278412377,20.245084922227317,12.029764681353154,0.008000000000000007,23.284837007522583,0.904,14.09658120319283,14.170689502230054,8.355711455964176,0.0020000000000000018,10.574572086334229
34,600,0.888,11.84784563310242,11.84784563310242,9.065666294002327,0.0,0.16003727912902832,0.894,11.857780265340276,11.857780265340276,10.491382596032945,0.0,3.4066412448883057,0.916,21.913769556439284,21.913769556439284,21.902636960032954,0.0,4.171226739883423,0.898,16.836607796265408,16.836607796265408,10.538915630334358,0.0,0.17484593391418457,0.836,12.620029399435698,14.201130314883333,8.379258085085727,0.030000000000000027,29.763056993484497,0.9,11.692696438900217,11.692696438900217,7.530848253965434,0.0,10.900882482528687
35,600,0.882,13.604234262423736,13.604234262423736,7.782541144347144,0.0,0.14044690132141113,0.876,12.104068030642036,12.104068030642036,6.560904141410937,0.0,3.307058811187744,0.906,19.398959372927997,19.398959372927997,19.389592864416308,0.0,4.1012961864471436,0.916,16.78565059534849,16.78565059534849,9.587874514927211,0.0,0.1778721809387207,0.842,12.051736929565745,12.702049830037724,5.839411173302587,0.014000000000000012,30.536661386489868,0.9,12.562719533984778,12.562719533984778,5.732210626509105,0.0,10.766288757324219
36,600,0.89,13.718165056101954,13.718165056101954,7.188592496122578,0.0,0.17315196990966797,0.89,13.347910269540971,13.347910269540971,7.174836272380162,0.0,3.685708999633789,0.882,17.725199629332167,17.725199629332167,17.443863072906097,0.0,3.8452587127685547,0.908,16.291653358644474,16.291653358644474,8.227469209340008,0.0,0.1865696907043457,0.904,15.01445833313045,17.030209156834562,8.1183920720989,0.04600000000000004,26.735900402069092,0.908,12.370197820377681,12.370197820377681,7.919997223730231,0.0,11.362870931625366
37,600,0.896,11.604396570114593,11.604396570114593,5.6253043984356434,0.0,0.1417393684387207,0.886,10.404794840352581,10.404794840352581,5.6805516836334355,0.0,3.66060209274292,0.914,21.3159229028312,21.3159229028312,21.335187748418804,0.0,4.215364456176758,0.908,15.753516682583937,15.753516682583937,9.439454060028671,0.0,0.16778874397277832,0.902,15.54772019607293,17.187205942463713,6.2237884648571935,0.03200000000000003,27.636675596237183,0.884,12.190255342139713,12.40030592768083,6.211229606627118,0.006000000000000005,10.878072023391724
38,600,0.902,12.829032768542154,12.829032768542154,7.166793842547528,0.0,0.1407930850982666,0.882,12.17582192272369,12.17582192272369,7.0433029980311375,0.0,3.7181499004364014,0.89,17.98845604174555,17.98845604174555,17.715027522632752,0.0,4.057380199432373,0.892,15.998929050500328,15.998929050500328,9.858367633450683,0.0,0.16301321983337402,0.928,17.599646728857092,19.16520405338578,9.858367633450683,0.04600000000000004,26.016026258468628,0.912,11.745622164075922,11.745622164075922,6.167989033758472,0.0,10.76683497428894
39,600,0.886,12.641905020931421,12.641905020931421,6.05301449217626,0.0,0.1565537452697754,0.866,12.167981901044383,12.167981901044383,5.5053080066421884,0.0,3.3939499855041504,0.89,19.922833686641976,19.922833686641976,19.69964727996511,0.0,3.8933639526367188,0.906,16.365875482131443,16.365875482131443,8.389962150720141,0.0,0.15818309783935547,0.924,15.794011967335777,16.110039883966177,8.026877004230121,0.008000000000000007,27.856507062911987,0.912,10.963333341553522,11.021079881161969,6.147581007704197,0.0020000000000000018,10.22326922416687
40,600,0.89,11.771114444302412,11.771114444302412,8.517050490165257,0.0,0.1245732307434082,0.89,11.60940628530426,11.60940628530426,8.50563474052657,0.0,3.4077701568603516,0.892,21.042880206060236,21.042880206060236,21.156027994537684,0.0,3.9837217330932617,0.912,15.753906605074862,15.753906605074862,9.820894062078407,0.0,0.1919698715209961,0.928,15.689797306169607,21.102021043114952,12.961865780121983,0.124,24.916817903518677,0.892,12.057692760105605,13.05598963035627,6.44039281404363,0.028000000000000025,9.741120100021362
41,600,0.902,12.623606215283296,12.623606215283296,8.965857305492115,0.0,0.15102195739746094,0.91,11.454860751582682,11.454860751582682,8.141056737372061,0.0,3.5656518936157227,0.904,18.17321643738872,18.17321643738872,18.134877296030105,0.0,3.8602843284606934,0.908,15.109261082612873,15.109261082612873,11.147783657206599,0.0,0.1563870906829834,0.928,15.438741211339682,15.544890655451155,8.501848824213184,0.0020000000000000018,27.625105142593384,0.914,13.426620645581773,13.426620645581773,9.641552703999949,0.0,9.493634939193726
42,600,0.886,13.191244671293653,13.191244671293653,8.04050472988095,0.0,0.15487384796142578,0.89,13.083188174571719,13.083188174571719,8.444425086057182,0.0,3.557997941970825,0.894,20.27860288630045,20.27860288630045,20.482460419804823,0.0,3.7392890453338623,0.896,15.797251758255909,15.797251758255909,8.700064595132023,0.0,0.17295360565185547,0.892,14.804080301789957,16.378763350386183,7.214896595297217,0.03200000000000003,26.472018003463745,0.9,11.896691688102758,11.896691688102758,6.181137037535256,0.0,9.80308198928833
43,600,0.86,11.069849105618898,11.069849105618898,7.351192992653467,0.0,0.1449418067932129,0.888,11.166797212512076,11.166797212512076,7.6657400549459584,0.0,3.1418607234954834,0.898,18.834048481066908,18.834048481066908,18.581423595670753,0.0,4.284233808517456,0.884,14.39590399146191,14.39590399146191,8.609370412779935,0.0,0.16164493560791016,0.87,13.569485831628402,14.000277709385646,8.15696558562665,0.01200000000000001,30.678205728530884,0.894,11.0546774086077,11.25821906185932,7.7330001371672195,0.006000000000000005,9.822950839996338
44,600,0.912,12.722347037437187,12.722347037437187,6.662792144008032,0.0,0.16813993453979492,0.91,12.76532230277752,12.76532230277752,6.343332489951063,0.0,3.8641350269317627,0.93,23.115743186528434,23.115743186528434,22.843033800789833,0.0,4.165594816207886,0.886,16.074701775314992,16.074701775314992,9.865583391197966,0.0,0.18024921417236328,0.922,17.42073300385926,18.13715604493623,9.812798314623466,0.014000000000000012,24.93911099433899,0.894,11.315008729155513,11.315008729155513,6.853414617032865,0.0,10.140846967697144
45,600,0.88,13.563408356463095,13.563408356463095,10.480675135281281,0.0,0.14771318435668945,0.884,13.305450117229013,13.305450117229013,9.809006422980438,0.0,4.162487745285034,0.888,18.58123113905512,18.58123113905512,18.515164711221644,0.0,4.1053900718688965,0.922,17.24275983188734,17.24275983188734,10.146820869879026,0.0,0.20025992393493652,0.912,15.812676448703156,16.58664085906336,9.598688122775371,0.016000000000000014,23.736414909362793,0.91,12.74414800476492,12.854233147947824,7.71005287512128,0.0040000000000000036,10.775511026382446
46,600,0.896,11.275238860416438,11.275238860416438,8.681149078569394,0.0,0.15130877494812012,0.888,11.167644509030655,11.167644509030655,8.794578877476207,0.0,4.023840665817261,0.884,17.008653337471266,17.008653337471266,16.973918466878914,0.0,4.0853800773620605,0.884,15.266804485769956,15.266804485769956,9.393397357986524,0.0,0.16084504127502441,0.906,15.80243778485244,17.347477981444367,9.18297578708204,0.028000000000000025,25.988667249679565,0.902,12.01388264764509,12.683053268263844,8.298488869936953,0.018000000000000016,9.940132856369019
47,600,0.888,11.720030663297061,11.720030663297061,7.843712478562359,0.0,0.21924495697021484,0.902,11.518203759431705,11.518203759431705,8.388941979970006,0.0,3.953333854675293,0.91,19.341904411131438,19.341904411131438,19.439754776405515,0.0,4.127958059310913,0.926,15.643249811519581,15.643249811519581,8.89004199291285,0.0,0.18200016021728516,0.958,18.36923719470948,20.13138709044479,14.521415609670285,0.038000000000000034,25.77924418449402,0.886,11.514573648629446,11.76937618769167,7.318002483452906,0.008000000000000007,10.566538333892822
48,600,0.896,13.77755344411569,13.77755344411569,6.537850365570258,0.0,0.15351200103759766,0.906,13.418773342318023,13.418773342318023,6.279168490634053,0.0,3.829929828643799,0.87,17.27110971574396,17.27110971574396,17.10552459014766,0.0,3.867180824279785,0.924,14.433846570158115,14.433846570158115,7.016237851670226,0.0,0.16927075386047363,0.9,13.622321394865978,14.216133088634267,6.371211752469033,0.010000000000000009,21.182535648345947,0.898,11.044855465322257,11.09419704195115,4.37057529731284,0.0020000000000000018,9.87112307548523
49,600,0.892,13.472986831023753,13.472986831023753,6.085839330199455,0.0,0.15491390228271484,0.906,12.58015794965551,12.58015794965551,6.3023807372283045,0.0,3.585998058319092,0.864,16.787070609457686,16.787070609457686,16.759398242850345,0.0,3.7900631427764893,0.902,15.135271897310373,15.135271897310373,8.818010911937856,0.0,0.15282130241394043,0.934,17.026029908171076,19.49575634529687,13.158926205532428,0.06000000000000005,21.663289070129395,0.928,11.984392513024552,12.046122861899072,6.060144881526801,0.0020000000000000018,10.004765033721924
